<?xml version="1.0" encoding="UTF-8"?>
<beans xmlns="http://www.springframework.org/schema/beans"
       xmlns:xsi="http://www.w3.org/2001/XMLSchema-instance"
       xmlns:context="http://www.springframework.org/schema/context"
       xmlns:aop="http://www.springframework.org/schema/aop"
       xsi:schemaLocation="http://www.springframework.org/schema/beans
    http://www.springframework.org/schema/beans/spring-beans-3.0.xsd
    http://www.springframework.org/schema/context
    http://www.springframework.org/schema/context/spring-context-3.0.xsd
    http://www.springframework.org/schema/aop
    http://www.springframework.org/schema/aop/spring-aop-2.5.xsd">

    <import resource="classpath:/spring/applicationContext-db.xml"/>
    <context:component-scan base-package="com.bupt.service" />
    <context:component-scan base-package="com.bupt.dao" />
 <!--   <context:component-scan base-package="com.bupt.pcncad.filter" />-->
    <context:property-placeholder location="classpath:config.properties" />
    <context:component-scan base-package="com.bupt.controller" />
    <!--<bean id="mailSender" class="org.springframework.mail.javamail.JavaMailSenderImpl">
        <property name="host" value="${mail.host}" />
        <property name="port" value="${mail.port}" />
        <property name="username" value="${mail.username}" />
        <property name="password" value="${mail.password}" />
        <property name="javaMailProperties">
            <props>
                <prop key="mail.smtp.auth">true</prop>
                <prop key="mail.smtp.timeout">25000</prop>
            </props>
        </property>
    </bean>-->
</beans>