<?xml version="1.0" encoding="UTF-8"?>
<beans xmlns="http://www.springframework.org/schema/beans"
       xmlns:xsi="http://www.w3.org/2001/XMLSchema-instance"
       xmlns:mvc="http://www.springframework.org/schema/mvc"
       xmlns:context="http://www.springframework.org/schema/context"
       xsi:schemaLocation="http://www.springframework.org/schema/beans
    http://www.springframework.org/schema/beans/spring-beans-3.0.xsd
    http://www.springframework.org/schema/mvc
    http://www.springframework.org/schema/mvc/spring-mvc-3.1.xsd
    http://www.springframework.org/schema/context
    http://www.springframework.org/schema/context/spring-context-3.0.xsd">
    <context:property-placeholder location="classpath:config.properties" />
    <context:component-scan base-package="com.bupt.controller"/>
    <bean id="multipartResolver"
		class="org.springframework.web.multipart.commons.CommonsMultipartResolver">
		<property name="maxUploadSize" value="30480000" />
	</bean>
    <mvc:annotation-driven />
    <!--代理试图解析器，会根据url扩展名来映射mime，从而找到相应的viewResolver-->
    <bean class="org.springframework.web.servlet.view.ContentNegotiatingViewResolver">
        <property name="order" value="1" />
        <property name="ignoreAcceptHeader" value="true" />
        <property name="mediaTypes">
            <map>
                <entry key="html" value="text/html"/>
                <entry key="json" value="application/json"/>
            </map>
        </property>
        <property name="viewResolvers">
                    <list>
                        <bean class="org.springframework.web.servlet.view.InternalResourceViewResolver">
                            <property name="viewClass" value="org.springframework.web.servlet.view.JstlView"/>
                            <property name="prefix" value="/WEB-INF/views/"/>
                            <property name="suffix" value=".jsp"/>
                        </bean>
                       <!-- <bean class="org.springframework.web.servlet.view.BeanNameViewResolver" />-->
                    </list>
                </property>
        <property name="defaultViews">
            <bean class="org.springframework.web.servlet.view.json.MappingJacksonJsonView"/>
        </property>
    </bean>
</beans>